"Dose","Yield"
0,26.074659156883
0,23.9030975072952
0,22.0207831471059
0,22.3051521214672
60,33.7070031669071
60,32.1717204284905
60,33.6023961641338
60,31.1206079095413
120,40.0275794616003
120,42.8710708154793
120,47.3296873614365
120,43.2944791730379
180,56.3500841371633
180,52.7983362738408
180,54.869884969811
180,51.773479657342
